"à¤µà¤¿à¤¦à¥‡à¤¶ à¤®à¤‚à¤¤à¥à¤°à¤¾à¤²à¤¯, Commerce & Trade à¤”à¤° ASSOCHAM à¤œà¥ˆà¤¸à¥‡ à¤‡à¤‚à¤¡à¤¸à¥à¤Ÿà¥à¤°à¥€ à¤•à¥‡ à¤¸à¤‚à¤—à¤ à¤¨à¥‹à¤‚ à¤•à¥‡ à¤¬à¥€à¤š à¤¬à¥‡à¤¹à¤¤à¤° à¤¤à¤¾à¤²à¤®à¥‡à¤² à¤†à¤œ à¤¸à¤®à¤¯ à¤•à¥€ à¤®à¤¾à¤‚à¤— à¤¹à¥ˆà¥¤"
à¤ªà¥à¤°à¥à¤¤à¤—à¤¾à¤² à¤•à¥‡ à¤®à¤¹à¤¾à¤¨ à¤¨à¥‡à¤¤à¤¾ Shri Mario Soares 1992 à¤®à¥‡à¤‚ à¤­à¤¾à¤°à¤¤ à¤•à¥‡ à¤—à¤£à¤¤à¤‚à¤¤à¥à¤° à¤¦à¤¿à¤µà¤¸ à¤•à¥‡ à¤®à¥à¤–à¥â€à¤¯ à¤®à¥‡à¤¹à¤®à¤¾à¤¨ à¤•à¥‡ à¤°à¥‚à¤ª à¤®à¥‡à¤‚ à¤ªà¤§à¤¾à¤°à¥‡ à¤¥à¥‡à¥¤
à¤¹à¤®à¤¨à¥‡ à¤•à¤¾à¤ à¤®à¤¾à¤‚à¤¡à¥‚ à¤•à¥‹ à¤­à¤¾à¤°à¤¤ à¤¸à¥‡ à¤°à¥‡à¤² à¤¦à¥à¤µà¤¾à¤°à¤¾ à¤œà¥‹à¤¡à¤¼à¤¨à¥‡ à¤•à¥‡ project à¤•à¥‡ DPR à¤ªà¤° à¤•à¤¾à¤® à¤•à¤°à¤¨à¤¾ à¤¶à¥à¤°à¥ à¤•à¤° à¤¦à¤¿à¤¯à¤¾ à¤¹à¥ˆà¥¤
à¤‡à¤¸ à¤¸à¤‚à¤¦à¤°à¥à¤­ à¤®à¥‡à¤‚ International North-South Transport Corridor à¤•à¥‡ à¤…à¤‚à¤¤à¤°à¥à¤—à¤¤ à¤¹à¤®à¤¾à¤°à¤¾ à¤¸à¤¹à¤¯à¥‹à¤— à¤¹à¤®à¤¾à¤°à¥€ à¤¸à¤¹à¤­à¤¾à¤—à¤¿à¤¤à¤¾ à¤•à¥‹ à¤à¤• à¤®à¤¹à¤¤à¥à¤µà¤ªà¥‚à¤°à¥à¤£ à¤¦à¤¿à¤¶à¤¾ à¤ªà¥à¤°à¤¦à¤¾à¤¨ à¤•à¤°à¥‡à¤—à¤¾à¥¤
à¤†à¤¨à¥‡ à¤µà¤¾à¤²à¥€ Eurasian Economic Union à¤•à¥‡ à¤¸à¤¾à¤¥ FTA negotiations à¤­à¥€ à¤¹à¤®à¤¾à¤°à¥‡ à¤†à¤°à¥à¤¥à¤¿à¤• à¤¸à¤¹à¤¯à¥‹à¤— à¤•à¥‹ à¤”à¤° à¤¬à¤² à¤¦à¥‡à¤—à¥€à¥¤
"à¤…à¤«à¤—à¤¾à¤¨à¤¿à¤¸à¥à¤¤à¤¾à¤¨, Middle East à¤¤à¤¥à¤¾ Asia Pacific à¤ªà¤° à¤¦à¥‹à¤¨à¥‹à¤‚ à¤¦à¥‡à¤¶à¥‹à¤‚ à¤•à¥€ à¤µà¤¿à¤šà¤¾à¤°à¤§à¤¾à¤°à¤¾à¤“à¤‚ à¤®à¥‡à¤‚ à¤¸à¤®à¤¾à¤¨à¤¤à¤¾ à¤¹à¥ˆà¥¤"
"à¤­à¤¾à¤°à¤¤ à¤¤à¤¥à¤¾ à¤°à¥‚à¤¸, BRICS à¤¤à¤¥à¤¾ G-20 à¤®à¥‡à¤‚ à¤­à¥€ à¤²à¤—à¤¾à¤¤à¤¾à¤° à¤¸à¤®à¤¨à¥à¤µà¤¯ à¤¬à¤¨à¤¾à¤ à¤¹à¥à¤ à¤¹à¥ˆà¤‚à¥¤"
Shanghai Cooperation Organization à¤®à¥‡à¤‚ à¤°à¥‚à¤¸ à¤•à¥‡ à¤¸à¥à¤¦à¥ƒà¤¢à¤¼ à¤¨à¥‡à¤¤à¥ƒà¤¤à¥à¤µ à¤®à¥‡à¤‚ à¤¹à¤® à¤¦à¥‹à¤¨à¥‹à¤‚ à¤¦à¥‡à¤¶ à¤•à¥à¤·à¥‡à¤¤à¥à¤°à¥€à¤¯ à¤¸à¤¹à¤¯à¥‹à¤— à¤•à¥€ à¤¨à¤µà¤°à¤šà¤¨à¤¾ à¤®à¥‡à¤‚ à¤¸à¤‚à¤²à¤—à¥à¤¨ à¤¹à¥ˆà¤‚à¥¤
à¤†à¤œ à¤¹à¥€ à¤¯à¤¹à¤¾à¤‚ à¤ªà¥à¤°à¤—à¤¤à¤¿ à¤®à¥ˆà¤¦à¤¾à¤¨ à¤®à¥‡à¤‚ à¤¬à¤¨ à¤°à¤¹à¥‡ International Exhibition-cum-Convention Centreà¤•à¥‡ 4 à¤ªà¥à¤°à¤¦à¤°à¥à¤¶à¤¨à¥€ à¤¹à¥‰à¤² à¤•à¤¾ à¤²à¥‹à¤•à¤¾à¤°à¥à¤ªà¤£ à¤­à¥€ à¤¹à¥à¤† à¤¹à¥ˆà¥¤
"priority programs à¤®à¥‡à¤‚ à¤ªà¥à¤°à¤§à¤¾à¤¨à¤®à¤‚à¤¤à¥à¤°à¥€ à¤«à¤¸à¤² à¤¬à¥€à¤®à¤¾ à¤¯à¥‹à¤œà¤¨à¤¾, à¤¦à¥€à¤¨à¤¦à¤¯à¤¾à¤² à¤‰à¤ªà¤¾à¤§à¥â€à¤¯à¤¾à¤¯ à¤•à¥Œà¤¶à¤² à¤¯à¥‹à¤œà¤¨à¤¾, à¤ªà¥à¤°à¤§à¤¾à¤¨à¤®à¤‚à¤¤à¥à¤°à¥€ à¤†à¤µà¤¾à¤¸ à¤¯à¥‹à¤œà¤¨à¤¾ à¤”à¤° digital payments, à¤‡à¤¨à¤•à¥‡ à¤ªà¥à¤°à¤šà¤¾à¤°-à¤ªà¥à¤°à¤¸à¤¾à¤° à¤•à¥‡ à¤²à¤¿à¤ à¤­à¥€ award à¤¦à¤¿à¤ à¤—à¤à¥¤"
à¤‡à¤¸ à¤¬à¤¹à¥à¤†à¤¯à¤¾à¤®à¥€ à¤ªà¥à¤°à¤¯à¤¾à¤¸ à¤®à¥‡à¤‚ à¤­à¤¾à¤°à¤¤ à¤•à¥€ à¤ªà¥à¤°à¤¾à¤¥à¤®à¤¿à¤•à¤¤à¤¾à¤“à¤‚ à¤”à¤° à¤†à¤µà¤¶à¥à¤¯à¤•à¤¤à¤¾à¤“à¤‚ à¤•à¥‡ à¤²à¤¿à¤ à¤œà¤°à¥à¤®à¤¨à¥€ à¤œà¥ˆà¤¸à¥‡ technological à¤”à¤° Economic Power House à¤•à¥€ à¤•à¥à¤·à¤®à¤¤à¤¾à¤à¤‚ à¤‰à¤ªà¤¯à¥‹à¤—à¥€ à¤¹à¥‹à¤‚à¤—à¥€à¥¤
"à¤®à¥ˆà¤‚ Blooming Vale Public School, à¤•à¥‹à¤Ÿà¤¦à¥à¤µà¤¾à¤°, à¤‰à¤¤à¥â€à¤¤à¤°à¤¾à¤–à¤‚à¤¡ à¤¸à¥‡ à¤•à¤•à¥à¤·à¤¾ 10 à¤•à¤¾ à¤›à¤¾à¤¤à¥à¤° à¤¹à¥‚à¤‚à¥¤"
"à¤®à¥ˆà¤‚ à¤¤à¥€à¤¨à¥‹à¤‚ à¤¨à¤ à¤¡à¤¾à¤¯à¤²à¥‰à¤— partners â€“ à¤¸à¤¾à¤Šà¤¦à¥€ à¤…à¤°à¤¬, Egypt à¤”à¤° Qatar â€“ à¤•à¤¾ à¤­à¥€ à¤¸à¥à¤µà¤¾à¤—à¤¤ à¤•à¤°à¤¤à¤¾ à¤¹à¥‚à¤‚à¥¤"
"à¤ˆà¤°à¤¾à¤¨ à¤•à¥‡ à¤šà¤¾à¤¬à¤¹à¤¾à¤° port à¤®à¥‡à¤‚ à¤¹à¤®à¤¾à¤°à¤¾ à¤¨à¤¿à¤µà¥‡à¤¶, à¤”à¤° International North-South Corridor à¤•à¥‡ à¤ªà¥à¤°à¤¤à¤¿ à¤¹à¤®à¤¾à¤°à¤¾ à¤ªà¥à¤°à¤¯à¤¾à¤¸, à¤‡à¤¸à¥€ à¤µà¤¾à¤¸à¥à¤¤à¤µà¤¿à¤•à¤¤à¤¾ à¤¸à¥‡ à¤ªà¥à¤°à¥‡à¤°à¤¿à¤¤ à¤¹à¥ˆà¥¤"
"à¤‘à¤¯à¤², à¤—à¥ˆà¤¸, à¤ªà¥‹à¤°à¥à¤Ÿ, à¤à¤¯à¤°à¤ªà¥‹à¤°à¥à¤Ÿ, à¤ªà¤¾à¤µà¤°, à¤à¤¸à¥‡ à¤•à¤°à¥€à¤¬ 100 assets à¤•à¥‹ Monetize à¤•à¤°à¤¨à¥‡ à¤•à¤¾ à¤²à¤•à¥à¤·à¥à¤¯ à¤¹à¤®à¤¨à¥‡ à¤°à¤–à¤¾ à¤¹à¥ˆà¥¤"
à¤à¤¸à¥‡ à¤¸à¤­à¥€ à¤¸à¤¾à¤¥à¤¿à¤¯à¥‹à¤‚ à¤•à¤¾ à¤¸à¥â€à¤µà¤¾à¤—à¤¤ à¤¹à¥ˆ à¤”à¤° à¤®à¥‡à¤°à¤¾ à¤¸à¥à¤à¤¾à¤µ à¤¹à¥ˆ GIFT City à¤®à¥‡à¤‚ International Financial Centre à¤¸à¥‡ à¤¬à¤¹à¥à¤¤ à¤®à¤¦à¤¦ à¤®à¤¿à¤²à¥‡à¤—à¥€à¥¤
IIT Bombay à¤¦à¥‡à¤¶ à¤•à¥‡ à¤‰à¤¨ à¤¸à¤‚à¤¸à¥à¤¥à¤¾à¤¨à¥‹à¤‚ à¤®à¥‡à¤‚ à¤¸à¥‡ à¤¹à¥ˆ à¤œà¥‹ New India à¤•à¥€ New Technology à¤•à¥‡ à¤²à¤¿à¤ à¤•à¤¾à¤® à¤•à¤° à¤°à¤¹à¤¾ à¤¹à¥ˆà¥¤
Solar Energy à¤•à¥‡ à¤…à¤²à¤¾à¤µà¤¾ Biofuel à¤­à¥€ à¤†à¤¨à¥‡ à¤µà¤¾à¤²à¥‡ à¤¸à¤®à¤¯ à¤®à¥‡à¤‚ Clean Energy à¤•à¤¾ à¤à¤• à¤¬à¤¹à¥à¤¤ à¤¬à¤¡à¤¼à¤¾ source à¤¸à¤¿à¤¦à¥à¤§ à¤¹à¥‹à¤¨à¥‡ à¤µà¤¾à¤²à¤¾ à¤¹à¥ˆà¥¤
IIT à¤•à¥‹ à¤¦à¥‡à¤¶ à¤”à¤° à¤¦à¥à¤¨à¤¿à¤¯à¤¾ Indian Institute of Technology à¤•à¥‡ à¤°à¥‚à¤ª à¤®à¥‡à¤‚ à¤œà¤¾à¤¨à¤¤à¥€ à¤¹à¥ˆà¥¤
à¤¯à¤¹à¥€ à¤•à¤¾à¤°à¤£ à¤¹à¥ˆ à¤•à¤¿ à¤¹à¤®à¤¨à¥‡ Start Up India à¤”à¤° Atal Innovation Mission à¤œà¥ˆà¤¸à¥‡ à¤…à¤­à¤¿à¤¯à¤¾à¤¨ à¤¶à¥à¤°à¥ à¤•à¤¿à¤ à¤¹à¥ˆà¤‚ à¤œà¤¿à¤¨à¤•à¥‡ à¤ªà¤°à¤¿à¤£à¤¾à¤® à¤…à¤¬ à¤®à¤¿à¤²à¤¨à¥‡ à¤²à¤—à¥‡ à¤¹à¥ˆà¤‚à¥¤
